PERMNO,date,COMNAM,PERMCO,CAR,Ret
59555,200401,HONDA MOTOR LTD,2172,-0.04689213893673421,-0.05293253194043837
59555,200402,HONDA MOTOR LTD,2172,0.020286026548901527,0.021784974871731932
59555,200403,HONDA MOTOR LTD,2172,0.0625393097294623,0.0637641588965054
59555,200404,HONDA MOTOR LTD,2172,-0.18051799478810035,-0.1383578785342828
59555,200405,HONDA MOTOR LTD,2172,0.07316480044730697,0.069488748519611
59555,200406,HONDA MOTOR LTD,2172,0.12024950394698364,0.11860580819731845
59555,200407,HONDA MOTOR LTD,2172,0.05842313191686824,-0.002058116469471682
59555,200408,HONDA MOTOR LTD,2172,0.035855665929997234,0.028834267985319097
59555,200409,HONDA MOTOR LTD,2172,-0.012486276541404395,-0.01959064976500415
59555,200410,HONDA MOTOR LTD,2172,-0.02743830641771308,-0.0028781378680569495
59555,200411,HONDA MOTOR LTD,2172,-0.02479106223037684,-0.014096895983992863
59555,200412,HONDA MOTOR LTD,2172,0.04876173011241802,0.08443305597482938
59555,200501,HONDA MOTOR LTD,2172,0.06666950142135986,0.007264549150448753
59555,200502,HONDA MOTOR LTD,2172,0.05103029586724461,0.022599692252426626
59555,200503,HONDA MOTOR LTD,2172,-0.02613060543954914,-0.06305801762394866
59555,200504,HONDA MOTOR LTD,2172,-0.007388428742116293,-0.03826277212533218
59555,200505,HONDA MOTOR LTD,2172,-0.014949674433966836,0.025400654552418096
59555,200506,HONDA MOTOR LTD,2172,0.01238596430179705,-0.004459930722093342
59555,200507,HONDA MOTOR LTD,2172,0.004803387101547695,0.04605786340445482
59555,200508,HONDA MOTOR LTD,2172,0.07940090849612756,0.04365892662032609
59555,200509,HONDA MOTOR LTD,2172,0.08888764376954168,0.059375842415906176
59555,200510,HONDA MOTOR LTD,2172,-0.010017059547144271,-0.02099383650423537
59555,200511,HONDA MOTOR LTD,2172,-0.026015341831526703,0.005379504484510192
59555,200512,HONDA MOTOR LTD,2172,0.04776712085731868,0.03548586265865894
59555,200601,HONDA MOTOR LTD,2172,-0.04039951131337887,-0.018113055426927007
59555,200602,HONDA MOTOR LTD,2172,0.021707413142184852,0.03216607994874624
59555,200603,HONDA MOTOR LTD,2172,0.044539382322807894,0.06066509158575799
59555,200604,HONDA MOTOR LTD,2172,0.16152427093945715,0.13486300563425319
59555,200605,HONDA MOTOR LTD,2172,-0.03571084854634844,-0.07014246058278985
59555,200606,HONDA MOTOR LTD,2172,-0.015172847661188402,-0.03732083905755362
59555,200607,HONDA MOTOR LTD,2172,0.07161074667028355,0.0348959903908933
59555,200608,HONDA MOTOR LTD,2172,-0.026339699239488177,0.027834014679410855
59555,200609,HONDA MOTOR LTD,2172,-0.006479176795613292,0.0002309733236081775
59555,200610,HONDA MOTOR LTD,2172,0.020765654101434532,0.04931383655292118
59555,200611,HONDA MOTOR LTD,2172,-0.02225138328463337,-0.0011326411959348952
59555,200612,HONDA MOTOR LTD,2172,0.1474172355747434,0.11724422385670678
59555,200701,HONDA MOTOR LTD,2172,-0.012426027068719495,-0.0053251534955520066
59555,200702,HONDA MOTOR LTD,2172,-0.06628659234428412,-0.057023364136041026
59555,200703,HONDA MOTOR LTD,2172,-0.045825836195896065,-0.058719749737784994
59555,200704,HONDA MOTOR LTD,2172,-0.027720267439811094,-0.012698283017683694
59555,200705,HONDA MOTOR LTD,2172,0.007536227815570698,0.025804189681532898
59555,200706,HONDA MOTOR LTD,2172,0.029302582565647144,0.03152192260291228
59555,200707,HONDA MOTOR LTD,2172,0.019000701316353587,-0.007467814847520972
59555,200708,HONDA MOTOR LTD,2172,-0.11411927854988174,-0.08999363769355068
59555,200709,HONDA MOTOR LTD,2172,0.033975080262923466,0.01932702401879049
59555,200710,HONDA MOTOR LTD,2172,0.1168039996248317,0.1151145896301101
59555,200711,HONDA MOTOR LTD,2172,-0.04422179466736282,-0.08412536371694755
59555,200712,HONDA MOTOR LTD,2172,0.013810533996284808,-0.03148241119149835
59555,200801,HONDA MOTOR LTD,2172,-0.035469094999332394,-0.04948440509890848
59555,200802,HONDA MOTOR LTD,2172,0.02191841059562388,-0.030256135321750897
59555,200803,HONDA MOTOR LTD,2172,-0.026557810898038058,-0.05325099891483589
59555,200804,HONDA MOTOR LTD,2172,0.0770750554576007,0.09717026695092076
59555,200805,HONDA MOTOR LTD,2172,0.026894781688244673,0.045560191514697916
59555,200806,HONDA MOTOR LTD,2172,0.11682423407464153,0.023789766122738053
59555,200807,HONDA MOTOR LTD,2172,-0.0613480676945128,-0.06181902232882444
59555,200808,HONDA MOTOR LTD,2172,-0.028584083076063006,0.017661120219593828
59555,200809,HONDA MOTOR LTD,2172,0.038009113881864,-0.07061239649561428
59555,200810,HONDA MOTOR LTD,2172,-0.046101719675365936,-0.19522444214947798
59555,200811,HONDA MOTOR LTD,2172,-0.04910438377248043,-0.11496089663948295
59555,200812,HONDA MOTOR LTD,2172,-0.10152065335990912,-0.028286312200515105
59555,200901,HONDA MOTOR LTD,2172,-0.003797700346085822,0.060018320405816256
59555,200902,HONDA MOTOR LTD,2172,0.05980578249797772,0.04191611575126572
59555,200903,HONDA MOTOR LTD,2172,-0.09199992843953467,0.006480953179689179
59555,200904,HONDA MOTOR LTD,2172,-0.05175828253566349,0.2038873347085151
59555,200905,HONDA MOTOR LTD,2172,-0.10392928519572583,-0.0010325328786520923
59555,200906,HONDA MOTOR LTD,2172,-0.032431047813058195,-0.02853528621282406
59555,200907,HONDA MOTOR LTD,2172,0.119979338066677,0.16034261303814165
59555,200908,HONDA MOTOR LTD,2172,-0.03430391136788395,-0.02521422360574712
59555,200909,HONDA MOTOR LTD,2172,-0.09730746671406552,-0.030093295057383715
59555,200910,HONDA MOTOR LTD,2172,0.04457348446759394,0.021541310987727765
59555,200911,HONDA MOTOR LTD,2172,-0.01006663457524054,0.0006457914318184541
59555,200912,HONDA MOTOR LTD,2172,0.06300301527887162,0.09305126674385762
59555,201001,HONDA MOTOR LTD,2172,-0.020215436738005275,0.00029495649605549966
59555,201002,HONDA MOTOR LTD,2172,0.04607692620437878,0.020432820839371993
59555,201003,HONDA MOTOR LTD,2172,0.02528038549489058,0.023244735653959837
59555,201004,HONDA MOTOR LTD,2172,-0.03976703748052061,-0.04343477987308523
59555,201005,HONDA MOTOR LTD,2172,-0.08585741405326007,-0.10605186569631127
59555,201006,HONDA MOTOR LTD,2172,-0.06868967244532051,-0.05055777547423231
59555,201007,HONDA MOTOR LTD,2172,0.07770414599676222,0.09988424823973434
59555,201008,HONDA MOTOR LTD,2172,0.060521237708806845,0.03586123025070262
59555,201009,HONDA MOTOR LTD,2172,-0.003840755773421419,0.08167952120923525
59555,201010,HONDA MOTOR LTD,2172,-0.02667773860834562,0.012287202201541605
59555,201011,HONDA MOTOR LTD,2172,-0.011133011737631636,0.00553564997861289
59555,201012,HONDA MOTOR LTD,2172,0.06367433827078459,0.0910438190889809
59555,201101,HONDA MOTOR LTD,2172,0.10675112018661091,0.09737985473063375
59555,201102,HONDA MOTOR LTD,2172,-0.00041464633557333264,0.0034390795808328925
59555,201103,HONDA MOTOR LTD,2172,-0.1557239505732762,-0.14755150237598855
59555,201104,HONDA MOTOR LTD,2172,-0.010430520881395181,0.022146936079312417
59555,201105,HONDA MOTOR LTD,2172,-0.019591406492461477,-0.009167897034358757
59555,201106,HONDA MOTOR LTD,2172,0.03983830214870884,0.020958821391213446
59555,201107,HONDA MOTOR LTD,2172,0.04054333466943594,0.029852933737915987
59555,201108,HONDA MOTOR LTD,2172,-0.1698147863106628,-0.20304807474570152
59555,201109,HONDA MOTOR LTD,2172,-0.06702220169238741,-0.10125672551292705
59555,201110,HONDA MOTOR LTD,2172,-0.06709718400881498,0.025403579305825017
59555,201111,HONDA MOTOR LTD,2172,0.0818105986827993,0.056879263770081866
59555,201112,HONDA MOTOR LTD,2172,-0.0013019779994236991,-0.029319650840520465
59555,201201,HONDA MOTOR LTD,2172,0.011228805503571027,0.10846509147127642
59555,201202,HONDA MOTOR LTD,2172,0.1020325085636994,0.11290895437515566
59555,201203,HONDA MOTOR LTD,2172,0.018969855013259172,0.012935968408273144
59555,201204,HONDA MOTOR LTD,2172,-0.03212375402053835,-0.06420897544371862
59555,201205,HONDA MOTOR LTD,2172,-0.04623760694388305,-0.12547819257692716
59555,201206,HONDA MOTOR LTD,2172,0.06662995269269534,0.09338013665053393
59555,201207,HONDA MOTOR LTD,2172,-0.061111362625885506,-0.0955983213131025
59555,201208,HONDA MOTOR LTD,2172,-0.008839811892535706,0.01230498222706636
59555,201209,HONDA MOTOR LTD,2172,-0.035411384833045186,-0.024090868674561908
59555,201210,HONDA MOTOR LTD,2172,0.022266081575775955,-0.024239415299778858
59555,201211,HONDA MOTOR LTD,2172,0.08850419692133749,0.09904048627900776
59555,201212,HONDA MOTOR LTD,2172,0.10315572849436405,0.10930094197086895
25785,200401,FORD MOTOR CO DEL,20750,-0.07631721391470263,-0.0888312137066157
25785,200402,FORD MOTOR CO DEL,20750,-0.0689379641287919,-0.0558647803564381
25785,200403,FORD MOTOR CO DEL,20750,-0.019799189282802224,-0.013177442380766203
25785,200404,FORD MOTOR CO DEL,20750,0.04608464028212656,0.13039472843279595
25785,200405,FORD MOTOR CO DEL,20750,-0.009648342961657947,-0.03376673317789653
25785,200406,FORD MOTOR CO DEL,20750,0.05717693013939693,0.052471000619241356
25785,200407,FORD MOTOR CO DEL,20750,0.03704289038799109,-0.05449314529637051
25785,200408,FORD MOTOR CO DEL,20750,-0.04234499290904107,-0.04232312064652231
25785,200409,FORD MOTOR CO DEL,20750,0.044640175385751955,-0.004261065458679777
25785,200410,FORD MOTOR CO DEL,20750,-0.13244584347591176,-0.06772225049638055
25785,200411,FORD MOTOR CO DEL,20750,0.06685086572684824,0.0845782526752596
25785,200412,FORD MOTOR CO DEL,20750,-0.07158005716536099,0.03192493278437385
25785,200501,FORD MOTOR CO DEL,20750,0.04735276400975372,-0.09825140095773402
25785,200502,FORD MOTOR CO DEL,20750,0.03463920769101314,-0.04028463892163858
25785,200503,FORD MOTOR CO DEL,20750,-0.03524622514077458,-0.11020333430839042
25785,200504,FORD MOTOR CO DEL,20750,-0.1269617215219669,-0.2071644006684804
25785,200505,FORD MOTOR CO DEL,20750,0.013327923540328072,0.09120996722777357
25785,200506,FORD MOTOR CO DEL,20750,0.0506987822430665,0.02571842772548393
25785,200507,FORD MOTOR CO DEL,20750,-0.03239438710212971,0.056941612562472196
25785,200508,FORD MOTOR CO DEL,20750,0.017300297746523013,-0.07439493640094638
25785,200509,FORD MOTOR CO DEL,20750,0.07465142407362746,-0.0110943149535284
25785,200510,FORD MOTOR CO DEL,20750,-0.14221569558142472,-0.15787677979033396
25785,200511,FORD MOTOR CO DEL,20750,-0.08183085635709561,-0.02310078022803934
25785,200512,FORD MOTOR CO DEL,20750,-0.020169333145894267,-0.05174708154389607
25785,200601,FORD MOTOR CO DEL,20750,0.07743239932479766,0.11720686970465495
25785,200602,FORD MOTOR CO DEL,20750,-0.11062165633901475,-0.07374988242934699
25785,200603,FORD MOTOR CO DEL,20750,-0.03914487612424828,-0.0012557881720062637
25785,200604,FORD MOTOR CO DEL,20750,-0.0630938491002029,-0.12140182558540381
25785,200605,FORD MOTOR CO DEL,20750,0.056477074244698756,0.029768488993604823
25785,200606,FORD MOTOR CO DEL,20750,0.01860491369360795,-0.032650265894845334
25785,200607,FORD MOTOR CO DEL,20750,0.020781840089703074,-0.030771627416754144
25785,200608,FORD MOTOR CO DEL,20750,0.11845788314327158,0.227034372244042
25785,200609,FORD MOTOR CO DEL,20750,-0.05352468422289945,-0.03402535244212823
25785,200610,FORD MOTOR CO DEL,20750,-0.04477431677924253,0.023214447471673356
25785,200611,FORD MOTOR CO DEL,20750,-0.074465903459559,-0.018282103878041273
25785,200612,FORD MOTOR CO DEL,20750,-0.019065692582842457,-0.07932571477438799
25785,200701,FORD MOTOR CO DEL,20750,0.06792105319659207,0.07932583539738068
25785,200702,FORD MOTOR CO DEL,20750,-0.05880947676797801,-0.02743286365124467
25785,200703,FORD MOTOR CO DEL,20750,0.04260096052199612,-0.0025312007875318487
25785,200704,FORD MOTOR CO DEL,20750,-0.000677227867164477,0.018832549079280975
25785,200705,FORD MOTOR CO DEL,20750,-0.003342387305500862,0.03663371591350621
25785,200706,FORD MOTOR CO DEL,20750,0.12548508607271222,0.12177151552965465
25785,200707,FORD MOTOR CO DEL,20750,0.010045399350163962,-0.1015931765552808
25785,200708,FORD MOTOR CO DEL,20750,-0.11711546708330757,-0.08583679435470389
25785,200709,FORD MOTOR CO DEL,20750,0.15872145795619708,0.08348416368013375
25785,200710,FORD MOTOR CO DEL,20750,0.09913902958501672,0.04378623680985993
25785,200711,FORD MOTOR CO DEL,20750,-0.05537129660111747,-0.16643954625785146
25785,200712,FORD MOTOR CO DEL,20750,0.04161710539049924,-0.10966086000959618
25785,200801,FORD MOTOR CO DEL,20750,-0.07167231590291119,-0.01346322384299367
25785,200802,FORD MOTOR CO DEL,20750,0.135880603253765,-0.016704750674771087
25785,200803,FORD MOTOR CO DEL,20750,-0.04075419525395443,-0.13243827600853084
25785,200804,FORD MOTOR CO DEL,20750,0.34137233410310397,0.3674558208820995
25785,200805,FORD MOTOR CO DEL,20750,-0.20882483256945025,-0.19450143123332664
25785,200806,FORD MOTOR CO DEL,20750,0.026319774072818006,-0.3462254449043115
25785,200807,FORD MOTOR CO DEL,20750,-0.09277660722141438,-0.002081164120491289
25785,200808,FORD MOTOR CO DEL,20750,-0.24420013914552846,-0.07346679313754231
25785,200809,FORD MOTOR CO DEL,20750,0.29951024342189897,0.15350961724768725
25785,200810,FORD MOTOR CO DEL,20750,-0.24410284548697606,-0.8647567164622352
25785,200811,FORD MOTOR CO DEL,20750,0.3781633689549974,0.2056392408633216
25785,200812,FORD MOTOR CO DEL,20750,-0.4101763394549843,-0.1609895114187877
25785,200901,FORD MOTOR CO DEL,20750,-0.29065306751828507,-0.2026132476622295
25785,200902,FORD MOTOR CO DEL,20750,0.17762779932869632,0.06720901469341505
25785,200903,FORD MOTOR CO DEL,20750,0.0030968193997530816,0.27383666562972786
25785,200904,FORD MOTOR CO DEL,20750,0.32421960664202365,0.8214366080604861
25785,200905,FORD MOTOR CO DEL,20750,-0.4017050927644717,-0.03922119315339649
25785,200906,FORD MOTOR CO DEL,20750,0.09728170773042089,0.054158585517488485
25785,200907,FORD MOTOR CO DEL,20750,0.128161111414452,0.2760828103584211
25785,200908,FORD MOTOR CO DEL,20750,-0.2132992158295996,-0.05129329438755058
25785,200909,FORD MOTOR CO DEL,20750,-0.266090834784012,-0.05267951790946066
25785,200910,FORD MOTOR CO DEL,20750,0.07771786140614934,-0.029558582241568588
25785,200911,FORD MOTOR CO DEL,20750,0.2275579112074307,0.23901690047049992
25785,200912,FORD MOTOR CO DEL,20750,0.06444107076198308,0.11765769446817162
25785,201001,FORD MOTOR CO DEL,20750,-0.001720573871927503,0.08065790301745454
25785,201002,FORD MOTOR CO DEL,20750,0.1308395335658704,0.07975897511756917
25785,201003,FORD MOTOR CO DEL,20750,0.0802765830254125,0.06831077224347891
25785,201004,FORD MOTOR CO DEL,20750,0.03578787923334553,0.035174075007654085
25785,201005,FORD MOTOR CO DEL,20750,-0.0447550899784312,-0.10433659559848668
25785,201006,FORD MOTOR CO DEL,20750,-0.175844555534403,-0.15159644466501973
25785,201007,FORD MOTOR CO DEL,20750,0.2081179335988042,0.236545344754395
25785,201008,FORD MOTOR CO DEL,20750,-0.04337557143409379,-0.12362406128139312
25785,201009,FORD MOTOR CO DEL,20750,-0.0801247189938917,0.08123522710873383
25785,201010,FORD MOTOR CO DEL,20750,0.09421019678972335,0.14359112343389133
25785,201011,FORD MOTOR CO DEL,20750,0.10571996432613202,0.12053125583750313
25785,201012,FORD MOTOR CO DEL,20750,-0.06442020621963873,0.05195182750701082
25785,201101,FORD MOTOR CO DEL,20750,-0.032515694119984576,-0.05132487383354443
25785,201102,FORD MOTOR CO DEL,20750,-0.06218973000478777,-0.058080485876562386
25785,201103,FORD MOTOR CO DEL,20750,0.009106008420612318,-0.009345533779794067
25785,201104,FORD MOTOR CO DEL,20750,-0.011593321738162594,0.036870838975702466
25785,201105,FORD MOTOR CO DEL,20750,-0.045639166353650104,-0.036200398897885906
25785,201106,FORD MOTOR CO DEL,20750,-0.0189752222618012,-0.07875861580583349
25785,201107,FORD MOTOR CO DEL,20750,-0.08311956310179582,-0.12168865265887711
25785,201108,FORD MOTOR CO DEL,20750,-0.00963358873863232,-0.09350990127859905
25785,201109,FORD MOTOR CO DEL,20750,-0.06851508024339872,-0.13971734336970906
25785,201110,FORD MOTOR CO DEL,20750,0.0009741243241713508,0.18884937084579284
25785,201111,FORD MOTOR CO DEL,20750,-0.002967544779947655,-0.09702424798020959
25785,201112,FORD MOTOR CO DEL,20750,0.07298815705111243,0.014981219043070164
25785,201201,FORD MOTOR CO DEL,20750,-0.12098097398023991,0.14749026269687765
25785,201202,FORD MOTOR CO DEL,20750,-0.02879919758530283,-0.003226198586599841
25785,201203,FORD MOTOR CO DEL,20750,0.02591508185875129,0.007644704641598784
25785,201204,FORD MOTOR CO DEL,20750,0.0057784440037691245,-0.09627304320854885
25785,201205,FORD MOTOR CO DEL,20750,0.13362155795239125,-0.06595819506455058
25785,201206,FORD MOTOR CO DEL,20750,-0.18149372341494505,-0.09635232264658719
25785,201207,FORD MOTOR CO DEL,20750,0.058649757091443044,-0.03717863960545651
25785,201208,FORD MOTOR CO DEL,20750,-0.05910414617005334,0.016103637598501253
25785,201209,FORD MOTOR CO DEL,20750,0.01208830319818173,0.05417942550146137
25785,201210,FORD MOTOR CO DEL,20750,0.19117732971049364,0.12832021298334095
25785,201211,FORD MOTOR CO DEL,20750,0.00916902892320588,0.025654101431309397
25785,201212,FORD MOTOR CO DEL,20750,0.06359381754322356,0.12310573382092109
76655,200401,TOYOTA MOTOR CORP,4521,-0.028399565399938823,-0.03477986831732232
76655,200402,TOYOTA MOTOR CORP,4521,0.04145412387331167,0.040291293723495464
76655,200403,TOYOTA MOTOR CORP,4521,0.0737055083300986,0.0809844179713274
76655,200404,TOYOTA MOTOR CORP,4521,-0.05726088431662106,-0.01746665779863595
76655,200405,TOYOTA MOTOR CORP,4521,-0.0006372561322380391,-0.01181654114083768
76655,200406,TOYOTA MOTOR CORP,4521,0.12341759562821217,0.12055873539072287
76655,200407,TOYOTA MOTOR CORP,4521,0.01923731630627798,-0.020047617303781032
76655,200408,TOYOTA MOTOR CORP,4521,-0.005832732750287587,-0.010176606451560547
76655,200409,TOYOTA MOTOR CORP,4521,-0.01319668336524687,-0.029810964031656496
76655,200410,TOYOTA MOTOR CORP,4521,-0.005147151479810788,0.015717825252050982
76655,200411,TOYOTA MOTOR CORP,4521,-0.04121030315024665,-0.03782440844058656
76655,200412,TOYOTA MOTOR CORP,4521,0.06136777700684146,0.0915184548377799
76655,200501,TOYOTA MOTOR CORP,4521,0.009353206548055151,-0.04599053678594255
76655,200502,TOYOTA MOTOR CORP,4521,0.029543494859785135,-0.005257798027041684
76655,200503,TOYOTA MOTOR CORP,4521,-0.006851051246735686,-0.03491862043895093
76655,200504,TOYOTA MOTOR CORP,4521,0.005221790754477638,-0.022707883468885342
76655,200505,TOYOTA MOTOR CORP,4521,-0.045411677400044634,-0.013848448651774486
76655,200506,TOYOTA MOTOR CORP,4521,0.006839244181156305,-0.0030727159601806457
76655,200507,TOYOTA MOTOR CORP,4521,0.027719074701702522,0.05933155086630241
76655,200508,TOYOTA MOTOR CORP,4521,0.1095355346456136,0.07758584590497046
76655,200509,TOYOTA MOTOR CORP,4521,0.15756377018624929,0.12562774089401996
76655,200510,TOYOTA MOTOR CORP,4521,0.008542449517109911,0.004751692805397151
76655,200511,TOYOTA MOTOR CORP,4521,0.024549988074290992,0.04157563046533269
76655,200512,TOYOTA MOTOR CORP,4521,0.08976489882522913,0.07820471190138585
76655,200601,TOYOTA MOTOR CORP,4521,-0.028337469384742166,-0.008736048392611932
76655,200602,TOYOTA MOTOR CORP,4521,0.017265332440023335,0.03001500884309797
76655,200603,TOYOTA MOTOR CORP,4521,0.010714767571433463,0.0274371356221198
76655,200604,TOYOTA MOTOR CORP,4521,0.09820873516059138,0.07285447256555856
76655,200605,TOYOTA MOTOR CORP,4521,-0.07307773510591503,-0.0869106547895536
76655,200606,TOYOTA MOTOR CORP,4521,-0.005394940725989942,-0.026326521693149738
76655,200607,TOYOTA MOTOR CORP,4521,0.034786833474924936,0.0060059282518240805
76655,200608,TOYOTA MOTOR CORP,4521,-0.019926279748435003,0.029220881074947795
76655,200609,TOYOTA MOTOR CORP,4521,0.011916324365105691,0.013019872412270683
76655,200610,TOYOTA MOTOR CORP,4521,0.05903972486309154,0.08025468520471202
76655,200611,TOYOTA MOTOR CORP,4521,-0.0013410264141872354,0.01722381481966655
76655,200612,TOYOTA MOTOR CORP,4521,0.13852513795479607,0.11224238120658164
76655,200701,TOYOTA MOTOR CORP,4521,-0.021436832908054874,-0.019016676236645758
76655,200702,TOYOTA MOTOR CORP,4521,-0.0039225642081765835,0.013716497263572956
76655,200703,TOYOTA MOTOR CORP,4521,-0.013675614722901124,-0.03278355617595962
76655,200704,TOYOTA MOTOR CORP,4521,-0.05261847528205615,-0.05402438885426352
76655,200705,TOYOTA MOTOR CORP,4521,-0.014960199198850879,-0.0054508288120296644
76655,200706,TOYOTA MOTOR CORP,4521,0.036663845995378266,0.04152382817738672
76655,200707,TOYOTA MOTOR CORP,4521,-0.008105544610736681,-0.042600658739363424
76655,200708,TOYOTA MOTOR CORP,4521,-0.05436458415904764,-0.04190070111507184
76655,200709,TOYOTA MOTOR CORP,4521,0.0588822567475959,0.020335818457838405
76655,200710,TOYOTA MOTOR CORP,4521,0.0014912918250659518,-0.020926438535543775
76655,200711,TOYOTA MOTOR CORP,4521,0.01438533394868178,-0.017541964520915942
76655,200712,TOYOTA MOTOR CORP,4521,-0.002588915268412398,-0.057467049698389734
76655,200801,TOYOTA MOTOR CORP,4521,-0.006651004553044049,0.02004867545522123
76655,200802,TOYOTA MOTOR CORP,4521,0.0557140513878272,0.0021207496199751098
76655,200803,TOYOTA MOTOR CORP,4521,-0.029810705246564973,-0.059548326230384065
76655,200804,TOYOTA MOTOR CORP,4521,0.002273530738643838,0.00602779627828523
76655,200805,TOYOTA MOTOR CORP,4521,-0.0032050218622691976,0.005404370048838104
76655,200806,TOYOTA MOTOR CORP,4521,0.02096020605144153,-0.08216821496457918
76655,200807,TOYOTA MOTOR CORP,4521,-0.12278612205275807,-0.08836574828196452
76655,200808,TOYOTA MOTOR CORP,4521,-0.01614119476193203,0.04031530617539362
76655,200809,TOYOTA MOTOR CORP,4521,0.0349625976425329,-0.027554152894373813
76655,200810,TOYOTA MOTOR CORP,4521,-0.007429775824451199,-0.12010197231286183
76655,200811,TOYOTA MOTOR CORP,4521,-0.10521119596804167,-0.1871962186761388
76655,200812,TOYOTA MOTOR CORP,4521,-0.03882591182634616,0.03641292885979346
76655,200901,TOYOTA MOTOR CORP,4521,-0.09053042618849473,-0.029936663622164933
76655,200902,TOYOTA MOTOR CORP,4521,0.012441249878554977,-0.005843037343268466
76655,200903,TOYOTA MOTOR CORP,4521,-0.08653172405571423,0.013927559697413132
76655,200904,TOYOTA MOTOR CORP,4521,-0.07389843562842836,0.22358585348418206
76655,200905,TOYOTA MOTOR CORP,4521,-0.08891745605289422,0.012428445906924757
76655,200906,TOYOTA MOTOR CORP,4521,-0.048503478361012764,-0.05937003414077415
76655,200907,TOYOTA MOTOR CORP,4521,0.06147090960367209,0.10842740793224942
76655,200908,TOYOTA MOTOR CORP,4521,-0.024142696473666077,0.011926594578735922
76655,200909,TOYOTA MOTOR CORP,4521,-0.14771284979380056,-0.07507597898273105
76655,200910,TOYOTA MOTOR CORP,4521,0.04221097778947549,0.004064727789700964
76655,200911,TOYOTA MOTOR CORP,4521,0.004947979574514058,-0.004446872698766574
76655,200912,TOYOTA MOTOR CORP,4521,0.04258984965185187,0.06911179774827658
76655,201001,TOYOTA MOTOR CORP,4521,-0.13291445987036649,-0.0889142772655873
76655,201002,TOYOTA MOTOR CORP,4521,0.00208694937059785,-0.028586734852173237
76655,201003,TOYOTA MOTOR CORP,4521,0.09467397258088246,0.07895165114931274
76655,201004,TOYOTA MOTOR CORP,4521,-0.04349419463058176,-0.04228973779528985
76655,201005,TOYOTA MOTOR CORP,4521,-0.06059083414118608,-0.06359603208660956
76655,201006,TOYOTA MOTOR CORP,4521,-0.07582373620161817,-0.05352209210240548
76655,201007,TOYOTA MOTOR CORP,4521,0.02294247663178206,0.023920607353925743
76655,201008,TOYOTA MOTOR CORP,4521,-0.012253422301205814,-0.03462353638185786
76655,201009,TOYOTA MOTOR CORP,4521,0.007315072737365783,0.06026502775847581
76655,201010,TOYOTA MOTOR CORP,4521,-0.03035485036038998,-0.010674773198168614
76655,201011,TOYOTA MOTOR CORP,4521,0.0806091315356332,0.09258556231193232
76655,201012,TOYOTA MOTOR CORP,4521,-0.015319957101664557,0.0120263921675708
76655,201101,TOYOTA MOTOR CORP,4521,0.059598226850603994,0.04415850218290506
76655,201102,TOYOTA MOTOR CORP,4521,0.1303305280704049,0.12690838384066389
76655,201103,TOYOTA MOTOR CORP,4521,-0.1401135196535807,-0.1414080464613992
76655,201104,TOYOTA MOTOR CORP,4521,-0.023423178685209923,-0.007128346399464609
76655,201105,TOYOTA MOTOR CORP,4521,0.03721506795686494,0.04430966551900427
76655,201106,TOYOTA MOTOR CORP,4521,0.007836094748801361,-0.01049993185613429
76655,201107,TOYOTA MOTOR CORP,4521,0.003576687380103628,-0.006084472920375787
76655,201108,TOYOTA MOTOR CORP,4521,-0.10737352670423563,-0.13130187983623917
76655,201109,TOYOTA MOTOR CORP,4521,-0.028533537977106446,-0.04364472467717413
76655,201110,TOYOTA MOTOR CORP,4521,-0.09051152082986857,-0.02296877425380991
76655,201111,TOYOTA MOTOR CORP,4521,0.02116638169894169,-0.012064484101059208
76655,201112,TOYOTA MOTOR CORP,4521,0.030913579795384626,0.0033324412446488058
76655,201201,TOYOTA MOTOR CORP,4521,0.011193257479560178,0.1053910151927108
76655,201202,TOYOTA MOTOR CORP,4521,0.12017083004091546,0.11832688774202468
76655,201203,TOYOTA MOTOR CORP,4521,0.07150959807594474,0.05711069047898488
76655,201204,TOYOTA MOTOR CORP,4521,-0.022322036898607043,-0.05980414599879209
76655,201205,TOYOTA MOTOR CORP,4521,0.006601707515407091,-0.06165734238880446
76655,201206,TOYOTA MOTOR CORP,4521,0.02463685594450459,0.04563280399719769
76655,201207,TOYOTA MOTOR CORP,4521,-0.006501668165462529,-0.05058722792168014
76655,201208,TOYOTA MOTOR CORP,4521,0.018340064419580155,0.03984359604452586
76655,201209,TOYOTA MOTOR CORP,4521,-0.015047142694305498,-0.004789451132233678
76655,201210,TOYOTA MOTOR CORP,4521,0.018245670625166226,-0.013335524160042403
76655,201211,TOYOTA MOTOR CORP,4521,0.09908444244600866,0.10538651531983217
76655,201212,TOYOTA MOTOR CORP,4521,0.060765895529406096,0.08000732243210165
12079,200401,GENERAL MOTORS CORP,20799,-0.09516193383309447,-0.07220839288199224
12079,200402,GENERAL MOTORS CORP,20799,-0.026876378987021363,-0.021567924516864546
12079,200403,GENERAL MOTORS CORP,20799,-0.019719700661941047,-0.02142488244079401
12079,200404,GENERAL MOTORS CORP,20799,0.01838135356585537,0.006771024785699823
12079,200405,GENERAL MOTORS CORP,20799,-0.0369879776410622,-0.0327969895153382
12079,200406,GENERAL MOTORS CORP,20799,0.008447691604020492,0.026094556237243497
12079,200407,GENERAL MOTORS CORP,20799,-0.0365604333416522,-0.07693504147412242
12079,200408,GENERAL MOTORS CORP,20799,-0.02778874881380476,-0.031315243882430496
12079,200409,GENERAL MOTORS CORP,20799,0.01413063861674561,0.027928347558816912
12079,200410,GENERAL MOTORS CORP,20799,-0.1117898327044307,-0.09707713995937371
12079,200411,GENERAL MOTORS CORP,20799,-0.02684074728024986,0.01391079468422022
12079,200412,GENERAL MOTORS CORP,20799,0.010054082203028057,0.03738537610599342
12079,200501,GENERAL MOTORS CORP,20799,-0.05275713706584165,-0.08460844815513854
12079,200502,GENERAL MOTORS CORP,20799,-0.023180048728251405,-0.01809269007246729
12079,200503,GENERAL MOTORS CORP,20799,-0.16957858329975598,-0.1930945779640184
12079,200504,GENERAL MOTORS CORP,20799,-0.06179988036385247,-0.09674000151237175
12079,200505,GENERAL MOTORS CORP,20799,0.15310393882491116,0.18275896111873394
12079,200506,GENERAL MOTORS CORP,20799,0.06509326022190629,0.07542096694154136
12079,200507,GENERAL MOTORS CORP,20799,0.044354901077010386,0.07968048823384126
12079,200508,GENERAL MOTORS CORP,20799,-0.04317299312420425,-0.05958972001208873
12079,200509,GENERAL MOTORS CORP,20799,-0.10490588015837451,-0.11060647388892329
12079,200510,GENERAL MOTORS CORP,20799,-0.09307562076173158,-0.11078408554875786
12079,200511,GENERAL MOTORS CORP,20799,-0.23466440354996823,-0.20148235810450507
12079,200512,GENERAL MOTORS CORP,20799,-0.11466757904024952,-0.12018316366061524
12079,200601,GENERAL MOTORS CORP,20799,0.1833278395260201,0.21424729672740925
12079,200602,GENERAL MOTORS CORP,20799,-0.15668624368979056,-0.1572036687923328
12079,200603,GENERAL MOTORS CORP,20799,0.02496501806261561,0.04618391370442092
12079,200604,GENERAL MOTORS CORP,20799,0.07456333895390366,0.07296510504411316
12079,200605,GENERAL MOTORS CORP,20799,0.19670989016363424,0.17221818923126667
12079,200606,GENERAL MOTORS CORP,20799,0.10666448214965533,0.1009316225736928
12079,200607,GENERAL MOTORS CORP,20799,0.09523780232918468,0.07872522478935971
12079,200608,GENERAL MOTORS CORP,20799,-0.1163273109218674,-0.0908835916180876
12079,200609,GENERAL MOTORS CORP,20799,0.12379454714185216,0.13087210986435338
12079,200610,GENERAL MOTORS CORP,20799,0.020837890471557718,0.048704446210038305
12079,200611,GENERAL MOTORS CORP,20799,-0.18912213793849336,-0.16934807749024264
12079,200612,GENERAL MOTORS CORP,20799,0.04979973689750761,0.04971830474225404
12079,200701,GENERAL MOTORS CORP,20799,0.05811198430529017,0.0667329865361052
12079,200702,GENERAL MOTORS CORP,20799,-0.016005238888620446,-0.021234872469806668
12079,200703,GENERAL MOTORS CORP,20799,-0.040275223853146476,-0.04029921452686489
12079,200704,GENERAL MOTORS CORP,20799,0.004705457918921542,0.0190729493812826
12079,200705,GENERAL MOTORS CORP,20799,-0.0548400952917393,-0.032213322364651575
12079,200706,GENERAL MOTORS CORP,20799,0.23948031275105258,0.2314449987535069
12079,200707,GENERAL MOTORS CORP,20799,-0.10881064803461972,-0.15415051316060555
12079,200708,GENERAL MOTORS CORP,20799,-0.0500842205496265,-0.04449435438694324
12079,200709,GENERAL MOTORS CORP,20799,0.17414704931569608,0.1772118578219967
12079,200710,GENERAL MOTORS CORP,20799,0.06167116611181499,0.06564447184856821
12079,200711,GENERAL MOTORS CORP,20799,-0.20873598842400135,-0.26456077503155395
12079,200712,GENERAL MOTORS CORP,20799,-0.16191046562029365,-0.18104836764334628
12079,200801,GENERAL MOTORS CORP,20799,0.1528267158440177,0.1252104947740673
12079,200802,GENERAL MOTORS CORP,20799,-0.14418675901685457,-0.18140078083827488
12079,200803,GENERAL MOTORS CORP,20799,-0.1892000789552022,-0.20052748349525223
12079,200804,GENERAL MOTORS CORP,20799,0.1774899927798797,0.19708536675470875
12079,200805,GENERAL MOTORS CORP,20799,-0.3171458068861039,-0.29055954173187226
12079,200806,GENERAL MOTORS CORP,20799,-0.2959391985425566,-0.39673086292217824
12079,200807,GENERAL MOTORS CORP,20799,-0.05304281825109237,-0.03810797247888044
12079,200808,GENERAL MOTORS CORP,20799,-0.13767826317729798,-0.10165405972658227
12079,200809,GENERAL MOTORS CORP,20799,0.010316930126090482,-0.05657035148839435
12079,200810,GENERAL MOTORS CORP,20799,-0.2896423962265874,-0.48988312349610397
12079,200811,GENERAL MOTORS CORP,20799,-0.018492235057743497,-0.09981039058027848
12079,200812,GENERAL MOTORS CORP,20799,-0.5521629720404435,-0.4931707260272707
12079,200901,GENERAL MOTORS CORP,20799,-0.009187724171854648,-0.06121073104489645
12079,200902,GENERAL MOTORS CORP,20799,-0.1976172293404302,-0.291010271433428
12079,200903,GENERAL MOTORS CORP,20799,-0.24331735871450416,-0.14824250087308394
12079,200904,GENERAL MOTORS CORP,20799,-0.16976120387200958,-0.010362505785586148
12079,200905,GENERAL MOTORS CORP,20799,-1.063903405318973,-0.9400072584914712
12369,201012,GENERAL MOTORS CO,53554,-0.06825130065540494,0.07490151435866342
12369,201101,GENERAL MOTORS CO,53554,-0.008842870935340225,-0.010088720428563647
12369,201102,GENERAL MOTORS CO,53554,-0.12179443716544759,-0.08459756530574733
12369,201103,GENERAL MOTORS CO,53554,-0.05366451671141707,-0.07748597889184652
12369,201104,GENERAL MOTORS CO,53554,0.03113501384223396,0.03358950299355517
12369,201105,GENERAL MOTORS CO,53554,0.02074646780746809,-0.008763285670156934
12369,201106,GENERAL MOTORS CO,53554,-0.0013446344934922288,-0.046654596119011446
12369,201107,GENERAL MOTORS CO,53554,-0.04078485949604771,-0.09241577264501355
12369,201108,GENERAL MOTORS CO,53554,-0.023287747375470534,-0.14140689456748398
12369,201109,GENERAL MOTORS CO,53554,-0.07014926619646022,-0.17461056306881387
12369,201110,GENERAL MOTORS CO,53554,0.10854090160541387,0.24761838409471892
12369,201111,GENERAL MOTORS CO,53554,-0.12394550423520989,-0.19407273219473423
12369,201112,GENERAL MOTORS CO,53554,-0.0364587456767111,-0.04909571084406332
12369,201201,GENERAL MOTORS CO,53554,0.016382354739984246,0.16974446234938323
12369,201202,GENERAL MOTORS CO,53554,0.05686212830635236,0.07997870562544905
12369,201203,GENERAL MOTORS CO,53554,-0.02361493059690871,-0.014322073007556413
12369,201204,GENERAL MOTORS CO,53554,-0.035806646488006175,-0.10904953394851433
12369,201205,GENERAL MOTORS CO,53554,0.10766365621622387,-0.03540233245640352
12369,201206,GENERAL MOTORS CO,53554,-0.19352302272999233,-0.11845926424740766
12369,201207,GENERAL MOTORS CO,53554,0.0638519570569405,-0.0005071285679578415
12369,201208,GENERAL MOTORS CO,53554,0.012095763589782307,0.07992608548881844
12369,201209,GENERAL MOTORS CO,53554,0.008181413956800934,0.06351362110691808
12369,201210,GENERAL MOTORS CO,53554,0.11665346879593547,0.11411319892427793
12369,201211,GENERAL MOTORS CO,53554,0.011756513195005555,0.01479205610819493
12369,201212,GENERAL MOTORS CO,53554,0.018597657055571076,0.10794636945425526
